numMySuit,numAtLeastOppSuit,numTargetHit,numTotal,probability
0,0,765182,765182,1.0
0,1,8671,765182,0.011331944556981215
1,0,234818,234818,1.0
1,1,1980,234818,0.008432062278019573
