numMySuit,numAtLeastOppSuit,numTargetHit,numTotal,probability
0,0,765182,765182,1.0
0,1,183752,765182,0.24014156109265508
1,0,234818,234818,1.0
1,1,51858,234818,0.22084337657249445
