numMySuit,numAtLeastOppSuit,numTargetHit,numTotal,probability
0,0,765182,765182,1.0
0,1,1684,765182,0.002200783604423523
1,0,234818,234818,1.0
1,1,358,234818,0.0015245849977429328
