numMySuit,numAtLeastOppSuit,numTargetHit,numTotal,probability
0,0,765182,765182,1.0
0,1,41420,765182,0.05413091264561895
1,0,234818,234818,1.0
1,1,10669,234818,0.045435188103126675
